Model,Sampling,Accuracy
M1,Sampling3,0.9870689655172413
M2,Sampling1,0.9568965517241379
M3,Sampling1,0.9870689655172413
M4,Sampling1,0.8448275862068966
M5,Sampling1,0.9353448275862069
